loss,N_B,D_B,Q,C_train,C_quality,C_attn,C_total,share_train,share_quality,share_attn,strategy,cost,budget,L_ctx
2.9262368200567015,0.34740153631874665,3.005330381400159,0.7105327457075546,6.26433834986292e+18,1.912894542945268e+18,1.7105819920692347e+18,9.887814884877423e+18,0.6335412245069126,0.1934597851210664,0.17299899037202096,质量优先,指数型,1e+19,8192
2.094525153244359,6.210869228266122,169.88839031920912,0.98,6.330927454039441e+21,5.953273352390752e+20,1.728765256783037e+21,8.655020046061553e+21,0.7314746147723038,0.06878405042053919,0.1997413348071571,规模与质量均衡,指数型,1e+22,8192
1.883092555700025,58.50319137742228,2214.346357779824,0.98,7.772779724705461e+23,7.759570350843213e+21,2.122487050159571e+23,9.972862478373464e+23,0.779393052051107,0.007780685202137441,0.21282626274675562,规模优先,指数型,1e+24,8192
2.962451125669114,0.34740153631874665,3.005330381400159,0.6027458439905765,6.26433834986292e+18,1.7979565385555753e+18,1.7105819920692347e+18,9.772876880487731e+18,0.6409922509481454,0.18397413172628094,0.17503361732557357,质量优先,幂函数型,1e+19,8192
2.094525153244359,6.210869228266122,169.88839031920912,0.98,6.330927454039441e+21,7.730181596665901e+20,1.728765256783037e+21,8.832710870489069e+21,0.7167592766102732,0.08751765692334815,0.19572306646637863,规模与质量均衡,幂函数型,1e+22,8192
1.883092555700025,58.50319137742228,2214.346357779824,0.98,7.772779724705461e+23,1.0075614602852779e+22,2.122487050159571e+23,9.996022920893559e+23,0.7775872250611687,0.010079623348794907,0.21233315159003646,规模优先,幂函数型,1e+24,8192
2.9122710543630324,0.6593639707920267,1.443103258262596,0.98,5.70918176778562e+18,2.6360745970581284e+18,1.5589872347233267e+18,9.904243599567075e+18,0.576437938989624,0.26615607447027595,0.15740598654010002,质量优先,对数渐进型,1e+19,8192
2.094525153244359,6.210869228266122,169.88839031920912,0.98,6.330927454039441e+21,3.1033016348028495e+20,1.728765256783037e+21,8.370022874302764e+21,0.7563811412602404,0.037076381766296664,0.20654247697346298,规模优先,对数渐进型,1e+22,8192
1.883092555700025,58.50319137742228,2214.346357779824,0.98,7.772779724705461e+23,4.044881854025593e+21,2.122487050159571e+23,9.935715593405287e+23,0.7823069865108208,0.00407105237262461,0.21362196111655476,规模优先,对数渐进型,1e+24,8192
