year,n,median_params,median_flops,median_tokens
2008.0,1,30.0,1614600000.0,207.0
2014.0,1,313856.0,,434600.0
2015.0,3,37676160.0,3.527416126e+18,1280000.0
2016.0,11,44500000.0,3.4686144e+18,1280000.0
2017.0,2,43000000.0,2.3617e+17,1280000.0
2018.0,19,37000000.0,9.1220625e+18,103000000.0
2019.0,46,159000000.0,5.85963855e+20,940000000.0
2020.0,45,257000000.0,4.6e+20,4666666667.0
2021.0,71,650000000.0,1.91e+21,42648333333.5
2022.0,84,1300000000.0,7.4000000000005e+21,43765200000.0
2023.0,239,7393000000.0,4.2648799e+22,299892736000.0
2024.0,343,7800000000.0,1.428e+23,2000000000000.0
2025.0,275,14000000000.0,8.64e+23,4000000000000.0
2026.0,17,31000000000.0,5.8e+24,
