,entropy_weight
ad_en,0.23614192909077877
rps_doc_word_count,0.21789538252112944
rps_doc_num_sentences,0.16526015399213517
modernbert_reasoning,0.05985404795837625
modernbert_cleanliness,0.05658135170767001
rps_doc_mean_word_length,0.04466011695404349
rps_lines_ending_with_terminal_punctution_mark,0.034718738508348404
fluency_en,0.0268935427713476
modernbert_readability,0.02238589413794397
rps_doc_frac_unique_words,0.021222297005039803
qurater,0.019418534801337033
fineweb_edu,0.017257521160023905
modernbert_professionalism,0.015633584403585886
rps_doc_unigram_entropy,0.01367943392612825
rps_lines_uppercase_letter_fraction,0.012482464222071986
rps_doc_frac_no_alph_words,0.011333536102304856
rps_doc_frac_chars_top_2gram,0.005116570702075741
rps_lines_numerical_chars_fraction,0.004928328279650891
rps_doc_frac_chars_top_3gram,0.004705527657997611
dsir_math,0.0034101288861603154
dsir_books,0.003214988484880573
dsir_wiki,0.0032059267269700163
