domain,coef,effect,mixture_domain,quality_domain,mapping_type,Q_domain
philpapers,-2.9639152925705288,增大配比有利于降低损失,philpapers,,inferred,
enron_emails,-2.04099878275814,增大配比有利于降低损失,enron_emails,,inferred,
ubuntu_irc,-1.2676848247879917,增大配比有利于降低损失,ubuntu_irc,,inferred,
nih_exporter,-1.0735244552321956,增大配比有利于降低损失,nih_exporter,,inferred,
hackernews,-0.9578698042497203,增大配比有利于降低损失,hackernews,,inferred,
dm_mathematics,-0.3558776689647278,增大配比有利于降低损失,dm_mathematics,,inferred,
europarl,-0.26305355089448096,增大配比有利于降低损失,europarl,,inferred,
gutenberg_pg_19,0.6174751020676854,增大配比会抬高损失,gutenberg_pg_19,book,near_direct,0.5176222331694962
pubmed_abstracts,0.7115065947358488,增大配比会抬高损失,pubmed_abstracts,,inferred,
stackexchange,0.740871646894365,增大配比会抬高损失,stackexchange,stackexchange,direct,0.2371153984310999
wikipedia_en,0.8660947811053731,增大配比会抬高损失,wikipedia_en,wikipedia,near_direct,0.20473584149367227
uspto_backgrounds,0.8822946867768079,增大配比会抬高损失,uspto_backgrounds,,inferred,
pile_cc,0.9320899045222814,增大配比会抬高损失,pile_cc,commoncrawl,near_direct,0.2841333794246972
pubmed_central,0.9936058368214491,增大配比会抬高损失,pubmed_central,,inferred,
arxiv,1.0579621018911385,增大配比会抬高损失,arxiv,arxiv,direct,0.4490493163148659
github,1.1219302963393418,增大配比会抬高损失,github,github,direct,0.18411960704071448
freelaw,1.1543313985255628,增大配比会抬高损失,freelaw,,inferred,
